{"betSource":{"sourceBetPlatform":"PP_OPENBET","channel":"ONLINE","locationID":"92.238.199.112","betPromotion":null},"legs":[{"legNumber":1,"selection":{"subclassID":null,"subclassName":"Virtual Greyhound Racing","eventTypeID":null,"eventTypeName":"Thistlecourt","eventID":null,"eventName":"18:40 Thistlecourt","marketID":null,"marketName":"Win or E/W","selectionID":null,"selectionName":"Grand Old Duke","price":{"priceType":"LIVE_PRICE","decimalPrice":3.0,"priceDescription":"2/1","handicap":null,"variants":null},"index":null,"platformReference":{"platformReferenceSubclassID":"318","platformReferenceEventTypeID":"13733","platformReferenceEventID":"11426705","platformReferenceMarketID":"99068671","platformReferenceSelectionID":"510476195"},"eventDate":1478544000000,"eventTrader":"n/a","marketTag":null,"selectionCategory":"RACING"},"legType":"WIN_ONLY","eachWayDetails":null},{"legNumber":2,"selection":{"subclassID":null,"subclassName":"Virtual Greyhound Racing","eventTypeID":null,"eventTypeName":"Thistlecourt","eventID":null,"eventName":"18:37 Thistlecourt","marketID":null,"marketName":"Win or E/W","selectionID":null,"selectionName":"Magic Al","price":{"priceType":"LIVE_PRICE","decimalPrice":2.875,"priceDescription":"15/8","handicap":null,"variants":null},"index":null,"platformReference":{"platformReferenceSubclassID":"318","platformReferenceEventTypeID":"13733","platformReferenceEventID":"11426702","platformReferenceMarketID":"99068667","platformReferenceSelectionID":"510476169"},"eventDate":1478543820000,"eventTrader":"n/a","marketTag":null,"selectionCategory":"RACING"},"legType":"WIN_ONLY","eachWayDetails":null},{"legNumber":3,"selection":{"subclassID":null,"subclassName":"Virtual Greyhound Racing","eventTypeID":null,"eventTypeName":"Thistlecourt","eventID":null,"eventName":"18:34 Thistlecourt","marketID":null,"marketName":"Win or E/W","selectionID":null,"selectionName":"Hotstepper","price":{"priceType":"LIVE_PRICE","decimalPrice":3.25,"priceDescription":"9/4","handicap":null,"variants":null},"index":null,"platformReference":{"platformReferenceSubclassID":"318","platformReferenceEventTypeID":"13733","platformReferenceEventID":"11426701","platformReferenceMarketID":"99068666","platformReferenceSelectionID":"510476164"},"eventDate":1478543640000,"eventTrader":"n/a","marketTag":null,"selectionCategory":"RACING"},"legType":"WIN_ONLY","eachWayDetails":null},{"legNumber":4,"selection":{"subclassID":null,"subclassName":"Virtual Greyhound Racing","eventTypeID":null,"eventTypeName":"Ballyhale Park","eventID":null,"eventName":"18:31 Ballyhale Park","marketID":null,"marketName":"Win or E/W","selectionID":null,"selectionName":"After Hours","price":{"priceType":"LIVE_PRICE","decimalPrice":3.2,"priceDescription":"11/5","handicap":null,"variants":null},"index":null,"platformReference":{"platformReferenceSubclassID":"318","platformReferenceEventTypeID":"13732","platformReferenceEventID":"11426699","platformReferenceMarketID":"99068663","platformReferenceSelectionID":"510476140"},"eventDate":1478543460000,"eventTrader":"n/a","marketTag":null,"selectionCategory":"RACING"},"legType":"WIN_ONLY","eachWayDetails":null}],"customer":{"customerID":"22775428","customerName":"teddy_07","stakeFactor":1.0,"percentageOfMaxBet":0.06,"commentary":null,"linkedCustomerID":null,"customerFirstName":"Terance","customerSurname":"McDowell","customerRegCode":"St","customerRegEmail":"lizmcdowell_06@yahoo.co.uk","customerRegPostcode":"St","customerIsElite":false,"customerCategories":"2K Verified,UK AV Verified,PEP Checked","customerCountryCode":"UK"},"betID":"1246203411","betTimestamp":1478543411000,"betCurrency":"GBP","totalStake":0.22,"platformReferenceCurrency":"EUR","platformConvertedStake":null,"betType":"YANKEE","sourceBetType":"YAN","betAction":null,"stakePerLine":null,"totalLegs":4,"betBreakdown":"2,3,4","totalSubbets":11,"liabilityAmount":"5.93","equallyDivided":null}