{"betSource":{"sourceBetPlatform":"BETFAIR","channel":"MOBILE","locationID":null,"betPromotion":null},"legs":[{"legNumber":1,"selection":{"subclassID":null,"subclassName":"Horse Racing","eventTypeID":0,"eventTypeName":"Newcastle","eventID":28007375,"eventName":"Newc 8th Nov","marketID":69053456,"marketName":"7f Mdn Stks","selectionID":11183869,"selectionName":"Crystallographer","price":{"priceType":"GUARANTEED_PRICE","decimalPrice":2.1,"priceDescription":null,"handicap":0.0,"variants":null},"index":null,"platformReference":null,"eventDate":null,"eventTrader":null,"marketTag":null,"selectionCategory":null},"legType":"WIN_ONLY","eachWayDetails":{"places":2,"numerator":1,"denominator":4}},{"legNumber":1,"selection":{"subclassID":null,"subclassName":"Horse Racing","eventTypeID":0,"eventTypeName":"Newcastle","eventID":28007375,"eventName":"Newc 8th Nov","marketID":69053462,"marketName":"6f Hcap","selectionID":7382565,"selectionName":"Harwoods Volante","price":{"priceType":"GUARANTEED_PRICE","decimalPrice":5.0,"priceDescription":null,"handicap":0.0,"variants":null},"index":null,"platformReference":null,"eventDate":null,"eventTrader":null,"marketTag":null,"selectionCategory":null},"legType":"WIN_ONLY","eachWayDetails":{"places":3,"numerator":1,"denominator":4}},{"legNumber":1,"selection":{"subclassID":null,"subclassName":"Horse Racing","eventTypeID":0,"eventTypeName":"Newcastle","eventID":28007375,"eventName":"Newc 8th Nov","marketID":69053457,"marketName":"Place Only (3 Places )","selectionID":19453,"selectionName":"Testa Rossa","price":{"priceType":"LIVE_PRICE","decimalPrice":2.75,"priceDescription":null,"handicap":0.0,"variants":null},"index":null,"platformReference":null,"eventDate":null,"eventTrader":null,"marketTag":null,"selectionCategory":null},"legType":"WIN_ONLY","eachWayDetails":{"places":null,"numerator":null,"denominator":null}}],"customer":{"customerID":"5210314","customerName":null,"stakeFactor":1.0,"percentageOfMaxBet":1.88,"commentary":null,"linkedCustomerID":null,"customerFirstName":null,"customerSurname":null,"customerRegCode":null,"customerRegEmail":null,"customerRegPostcode":null,"customerIsElite":null,"customerCategories":"","customerCountryCode":null},"betID":"325946106","betTimestamp":1478616531000,"betCurrency":"GBP","totalStake":5.0,"platformReferenceCurrency":null,"platformConvertedStake":null,"betType":"TREBLE","sourceBetType":null,"betAction":null,"stakePerLine":5.0,"totalLegs":3,"betBreakdown":"3","totalSubbets":1,"liabilityAmount":null,"equallyDivided":null}