{"betSource":{"sourceBetPlatform":"PP_NPI","channel":"RETAIL","locationID":"Shop732","betPromotion":null},"legs":[{"legNumber":2,"selection":{"subclassID":null,"subclassName":null,"eventTypeID":null,"eventTypeName":null,"eventID":4481133,"eventName":"Finger Lakes - Mon - [18:32]","marketID":76521754,"marketName":"Win Or Each Way","selectionID":449604618,"selectionName":"Zapper Girl","price":{"priceType":"LIVE_PRICE","decimalPrice":5.5,"priceDescription":"9/2","handicap":null,"variants":null},"index":null,"platformReference":{"platformReferenceSubclassID":null,"platformReferenceEventTypeID":null,"platformReferenceEventID":"4155598.1","platformReferenceMarketID":"13534130.1","platformReferenceSelectionID":"590498395.1"},"eventDate":null,"eventTrader":null,"marketTag":null,"selectionCategory":null},"legType":"WIN_ONLY","eachWayDetails":null},{"legNumber":1,"selection":{"subclassID":null,"subclassName":null,"eventTypeID":null,"eventTypeName":null,"eventID":4481021,"eventName":"Kingston Meadow - Mon - [18:31]","marketID":76517392,"marketName":"Win Or Each Way","selectionID":449581597,"selectionName":"Buck","price":{"priceType":"LIVE_PRICE","decimalPrice":5.5,"priceDescription":"9/2","handicap":null,"variants":null},"index":null,"platformReference":{"platformReferenceSubclassID":null,"platformReferenceEventTypeID":null,"platformReferenceEventID":"4155549.1","platformReferenceMarketID":"13533988.1","platformReferenceSelectionID":"590477474.1"},"eventDate":null,"eventTrader":null,"marketTag":null,"selectionCategory":null},"legType":"WIN_ONLY","eachWayDetails":null}],"customer":{"customerID":null,"customerName":null,"stakeFactor":null,"percentageOfMaxBet":null,"commentary":null,"linkedCustomerID":null,"customerFirstName":null,"customerSurname":null,"customerRegCode":null,"customerRegEmail":null,"customerRegPostcode":null,"customerIsElite":null,"customerCategories":null,"customerCountryCode":null},"betID":"1160559.0732","betTimestamp":1478543457000,"betCurrency":"EUR","totalStake":2.0,"platformReferenceCurrency":"EURO","platformConvertedStake":2.0,"betType":"DOUBLE","sourceBetType":null,"betAction":null,"stakePerLine":2.0,"totalLegs":2,"betBreakdown":"2","totalSubbets":1,"liabilityAmount":null,"equallyDivided":false}