{"betSource":{"sourceBetPlatform":"BETFAIR","channel":"MOBILE","locationID":null,"betPromotion":null},"legs":[{"legNumber":1,"selection":{"subclassID":null,"subclassName":"Horse Racing","eventTypeID":0,"eventTypeName":"Newcastle","eventID":28006363,"eventName":"Newc 7th Nov","marketID":68978061,"marketName":"6f Hcap","selectionID":8848600,"selectionName":"Penny Dreadful","price":{"priceType":"GUARANTEED_PRICE","decimalPrice":6.5,"priceDescription":null,"handicap":0.0,"variants":null},"index":null,"platformReference":null,"eventDate":null,"eventTrader":null,"marketTag":null,"selectionCategory":null},"legType":"WIN_ONLY","eachWayDetails":{"places":3,"numerator":1,"denominator":5}}],"customer":{"customerID":"12911067","customerName":null,"stakeFactor":1.0,"percentageOfMaxBet":0.22,"commentary":null,"linkedCustomerID":null,"customerFirstName":null,"customerSurname":null,"customerRegCode":null,"customerRegEmail":null,"customerRegPostcode":null,"customerIsElite":null,"customerCategories":"","customerCountryCode":null},"betID":"325759057","betTimestamp":1478539164000,"betCurrency":"GBP","totalStake":2.0,"platformReferenceCurrency":null,"platformConvertedStake":null,"betType":"SINGLE","sourceBetType":null,"betAction":null,"stakePerLine":2.0,"totalLegs":1,"betBreakdown":"1","totalSubbets":1,"liabilityAmount":null,"equallyDivided":null}