{"betSource":{"sourceBetPlatform":"PP_OPENBET","channel":"ONLINE","locationID":"217.114.162.252","betPromotion":null},"legs":[{"legNumber":1,"selection":{"subclassID":23,"subclassName":"Horse Racing","eventTypeID":16239,"eventTypeName":"SEDGEFIELD","eventID":4483003,"eventName":"13:35 NOVICE HANDICAP 2m 3f 65yds","marketID":76554961,"marketName":"Win or Each Way","selectionID":449787603,"selectionName":"Paddys Field","price":{"priceType":"LIVE_PRICE","decimalPrice":4.0,"priceDescription":"3/1","handicap":null,"variants":null},"index":null,"platformReference":{"platformReferenceSubclassID":"23","platformReferenceEventTypeID":"69","platformReferenceEventID":"11429485","platformReferenceMarketID":"99086879","platformReferenceSelectionID":"510599097"},"eventDate":1478612100000,"eventTrader":"n/a","marketTag":null,"selectionCategory":"RACING"},"legType":"WIN_ONLY","eachWayDetails":null},{"legNumber":2,"selection":{"subclassID":23,"subclassName":"Horse Racing","eventTypeID":16239,"eventTypeName":"SEDGEFIELD","eventID":4483011,"eventName":"15:10 MARES HANDICAP HURDLE 2m 178yds","marketID":76554972,"marketName":"Win or Each Way","selectionID":449787676,"selectionName":"Mo Chailin","price":{"priceType":"LIVE_PRICE","decimalPrice":9.0,"priceDescription":"8/1","handicap":null,"variants":null},"index":null,"platformReference":{"platformReferenceSubclassID":"23","platformReferenceEventTypeID":"69","platformReferenceEventID":"11429492","platformReferenceMarketID":"99086886","platformReferenceSelectionID":"510599164"},"eventDate":1478617800000,"eventTrader":"n/a","marketTag":null,"selectionCategory":"RACING"},"legType":"WIN_ONLY","eachWayDetails":null},{"legNumber":3,"selection":{"subclassID":23,"subclassName":"Horse Racing","eventTypeID":16217,"eventTypeName":"LINGFIELD","eventID":4482982,"eventName":"16:05 NOVICE HANDICAP 2m 4f","marketID":76554939,"marketName":"Win or Each Way","selectionID":449787386,"selectionName":"Olivers Hill","price":{"priceType":"LIVE_PRICE","decimalPrice":4.0,"priceDescription":"3/1","handicap":null,"variants":null},"index":null,"platformReference":{"platformReferenceSubclassID":"23","platformReferenceEventTypeID":"160","platformReferenceEventID":"11429466","platformReferenceMarketID":"99086860","platformReferenceSelectionID":"510598908"},"eventDate":1478621100000,"eventTrader":"n/a","marketTag":null,"selectionCategory":"RACING"},"legType":"WIN_ONLY","eachWayDetails":null},{"legNumber":4,"selection":{"subclassID":23,"subclassName":"Horse Racing","eventTypeID":16225,"eventTypeName":"NEWCASTLE","eventID":4483000,"eventName":"19:15 HANDICAP (0-60) 5f","marketID":76554957,"marketName":"Win or each way","selectionID":449787563,"selectionName":"Frank The Barber","price":{"priceType":"LIVE_PRICE","decimalPrice":6.5,"priceDescription":"11/2","handicap":null,"variants":null},"index":null,"platformReference":{"platformReferenceSubclassID":"23","platformReferenceEventTypeID":"139","platformReferenceEventID":"11429480","platformReferenceMarketID":"99086874","platformReferenceSelectionID":"510599055"},"eventDate":1478632500000,"eventTrader":"n/a","marketTag":null,"selectionCategory":"RACING"},"legType":"WIN_ONLY","eachWayDetails":null}],"customer":{"customerID":"21198231","customerName":"SN876034","stakeFactor":1.0,"percentageOfMaxBet":63.13,"commentary":null,"linkedCustomerID":null,"customerFirstName":"Stephen","customerSurname":"Naughton","customerRegCode":"St","customerRegEmail":null,"customerRegPostcode":"St","customerIsElite":false,"customerCategories":"PEP Checked","customerCountryCode":"IE"},"betID":"1246202800","betTimestamp":1478543274000,"betCurrency":"EUR","totalStake":7.5,"platformReferenceCurrency":"EUR","platformConvertedStake":null,"betType":"LUCKY 15","sourceBetType":"L15","betAction":null,"stakePerLine":null,"totalLegs":4,"betBreakdown":"1,2,3,4","totalSubbets":15,"liabilityAmount":"937.00","equallyDivided":null}