{"betSource":{"sourceBetPlatform":"PP_NPI","channel":"RETAIL","locationID":"Shop110","betPromotion":null},"legs":[{"legNumber":1,"selection":{"subclassID":null,"subclassName":null,"eventTypeID":null,"eventTypeName":null,"eventID":4481270,"eventName":"Newcastle - Mon - [17:20]","marketID":76522269,"marketName":"Win Or Each Way","selectionID":449607618,"selectionName":"Captain Lars","price":{"priceType":"DIVIDEND","decimalPrice":null,"priceDescription":"N/A","handicap":null,"variants":null},"index":null,"platformReference":{"platformReferenceSubclassID":null,"platformReferenceEventTypeID":null,"platformReferenceEventID":"4155731.1","platformReferenceMarketID":"13534290.1","platformReferenceSelectionID":"590504835.1"},"eventDate":null,"eventTrader":null,"marketTag":null,"selectionCategory":null},"legType":"WIN_ONLY","eachWayDetails":null},{"legNumber":2,"selection":{"subclassID":null,"subclassName":null,"eventTypeID":null,"eventTypeName":null,"eventID":4481270,"eventName":"Newcastle - Mon - [17:20]","marketID":76522269,"marketName":"Win Or Each Way","selectionID":449607621,"selectionName":"More Beau","price":{"priceType":"DIVIDEND","decimalPrice":null,"priceDescription":"N/A","handicap":null,"variants":null},"index":null,"platformReference":{"platformReferenceSubclassID":null,"platformReferenceEventTypeID":null,"platformReferenceEventID":"4155731.1","platformReferenceMarketID":"13534290.1","platformReferenceSelectionID":"590504838.1"},"eventDate":null,"eventTrader":null,"marketTag":null,"selectionCategory":null},"legType":"WIN_ONLY","eachWayDetails":null},{"legNumber":3,"selection":{"subclassID":null,"subclassName":null,"eventTypeID":null,"eventTypeName":null,"eventID":4481270,"eventName":"Newcastle - Mon - [17:20]","marketID":76522269,"marketName":"Win Or Each Way","selectionID":449607620,"selectionName":"Penny Dreadful","price":{"priceType":"DIVIDEND","decimalPrice":null,"priceDescription":"N/A","handicap":null,"variants":null},"index":null,"platformReference":{"platformReferenceSubclassID":null,"platformReferenceEventTypeID":null,"platformReferenceEventID":"4155731.1","platformReferenceMarketID":"13534290.1","platformReferenceSelectionID":"590504837.1"},"eventDate":null,"eventTrader":null,"marketTag":null,"selectionCategory":null},"legType":"WIN_ONLY","eachWayDetails":null}],"customer":{"customerID":null,"customerName":null,"stakeFactor":null,"percentageOfMaxBet":null,"commentary":null,"linkedCustomerID":null,"customerFirstName":null,"customerSurname":null,"customerRegCode":null,"customerRegEmail":null,"customerRegPostcode":null,"customerIsElite":null,"customerCategories":null,"customerCountryCode":null},"betID":"5131230.011","betTimestamp":1478539173000,"betCurrency":"EUR","totalStake":5.0,"platformReferenceCurrency":"EURO","platformConvertedStake":5.0,"betType":"STRAIGHT TRICAST","sourceBetType":null,"betAction":null,"stakePerLine":5.0,"totalLegs":3,"betBreakdown":"3","totalSubbets":1,"liabilityAmount":null,"equallyDivided":false}