{"betSource":{"sourceBetPlatform":"BETFAIR","channel":"ONLINE","locationID":null,"betPromotion":null},"legs":[{"legNumber":1,"selection":{"subclassID":null,"subclassName":"Horse Racing","eventTypeID":0,"eventTypeName":"Newcastle","eventID":28006363,"eventName":"Newc 7th Nov","marketID":68978048,"marketName":"7f Hcap","selectionID":9480404,"selectionName":"Mr Potter","price":{"priceType":"GUARANTEED_PRICE","decimalPrice":4.333333333333333,"priceDescription":null,"handicap":0.0,"variants":null},"index":null,"platformReference":null,"eventDate":null,"eventTrader":null,"marketTag":null,"selectionCategory":null},"legType":"EACH_WAY","eachWayDetails":{"places":3,"numerator":1,"denominator":4}},{"legNumber":1,"selection":{"subclassID":null,"subclassName":"Horse Racing","eventTypeID":0,"eventTypeName":"Newcastle","eventID":28006363,"eventName":"Newc 7th Nov","marketID":68978061,"marketName":"6f Hcap","selectionID":8421852,"selectionName":"More Beau","price":{"priceType":"GUARANTEED_PRICE","decimalPrice":5.5,"priceDescription":null,"handicap":0.0,"variants":null},"index":null,"platformReference":null,"eventDate":null,"eventTrader":null,"marketTag":null,"selectionCategory":null},"legType":"EACH_WAY","eachWayDetails":{"places":3,"numerator":1,"denominator":5}},{"legNumber":1,"selection":{"subclassID":null,"subclassName":"Horse Racing","eventTypeID":0,"eventTypeName":"Newcastle","eventID":28006363,"eventName":"Newc 7th Nov","marketID":68978064,"marketName":"6f Hcap","selectionID":5470441,"selectionName":"Clubland","price":{"priceType":"GUARANTEED_PRICE","decimalPrice":4.0,"priceDescription":null,"handicap":0.0,"variants":null},"index":null,"platformReference":null,"eventDate":null,"eventTrader":null,"marketTag":null,"selectionCategory":null},"legType":"EACH_WAY","eachWayDetails":{"places":3,"numerator":1,"denominator":5}}],"customer":{"customerID":"3846284","customerName":null,"stakeFactor":1.0,"percentageOfMaxBet":0.09,"commentary":null,"linkedCustomerID":null,"customerFirstName":null,"customerSurname":null,"customerRegCode":null,"customerRegEmail":null,"customerRegPostcode":null,"customerIsElite":null,"customerCategories":"","customerCountryCode":null},"betID":"325744077","betTimestamp":1478535760000,"betCurrency":"GBP","totalStake":0.8,"platformReferenceCurrency":null,"platformConvertedStake":null,"betType":"TRIXIE","sourceBetType":null,"betAction":null,"stakePerLine":0.1,"totalLegs":3,"betBreakdown":"2,3","totalSubbets":4,"liabilityAmount":null,"equallyDivided":null}